[
	{
		"MasterCard": {
			"common": {
				"AID_9F06": "A0000000041010",
				"AppName": "",
				"MCC_9F15": "9999",
				"TACDefault": "F45084800C",
				"TACDenial": "0010000000",
				"TACOnline": "F45084800C",
				"acquierId_9F01": "",
				"countryCode_9F1A": "144",
				"defaultDDOL": "9F3704",
				"defaultTDOL": "",
				"displayOfflinePINRetryTime": "1",
				"enableFloorLimitCheck": "1",
				"enableRandomTransSel": "1",
				"enableTerminalInfo": "1",
				"enableVelocityCheck": "",
				"exTerminalCap_9F40": "",
				"floorLimit_9F1B": "000000000000",
				"isFullMatch": "0",
				"maxTargetPercent": "99",
				"merchantId_9F16": "",
				"merchantName": "",
				"referCurrencyCode_9F3C": "",
				"referCurrencyExp_9F3D": "",
				"riskManagementData_9F1D": "6C00000000000000",
				"targetPercent": "",
				"terminalCap_9F33": "E0F8C8",
				"terminalId_9F1C": "",
				"terminalType_9F35": "22",
				"threshold": "",
				"transCurrencyCode_5F2A": "144",
				"transCurrencyExp": "",
				"vendorName": "MasterCard",
				"version_9F09": "0002"
			},
			"paypass": [
				{
					"CLCVMLimit": "1000",
					"CLFloorLimit": "0",
					"CLTransLimitCDCVM_DF8125": "5000",
					"CLTransLimitNoCDCVM_DF8124": "5000",
					"CLTACOnline_DF8122": "F45084800C",
					"CLTACDenial_DF8121": "0000000000",
					"ClTACDefault_DF8120": "F45084800C",
					"MSDAppVersion_9F6D": "0001",
					"MSDCVMCapNoCVM_DF812C": "00",
					"MSDCVMCap_DF811E": "30",
					"UDOL_DF811A": "9F6A04",
					"cardDataInputCap_DF8117": "E0",
					"chipCVMCapNoCVM_DF8119": "08",
					"chipCVMCap_DF8118": "60",
					"enableCLFloorLimit": "1",
					"enableCVMLimit": "1",
					"enableFloorLimit": "1",
					"enableTransLimit": "1",
					"enableTransLimitNoONdevice": "1",
					"enableTransLimitONdevice": "1",
					"kernelConfig_DF811B": "20",
					"merchantCustomData_9F7C": "",
					"securityCap_DF811F": "08",
					"transCategoryCode_9F53": "",
					"transType": "00"
				},
				{
					"CLCVMLimit": "1000",
					"CLFloorLimit": "0",
					"CLTACDenial_DF8121": "0000000000",
					"CLTACOnline_DF8122": "F45084800C",
					"CLTransLimitCDCVM_DF8125": "5000",
					"CLTransLimitNoCDCVM_DF8124": "5000",
					"ClTACDefault_DF8120": "F45084800C",
					"MSDAppVersion_9F6D": "0001",
					"MSDCVMCapNoCVM_DF812C": "08",
					"MSDCVMCap_DF811E": "68",
					"UDOL_DF811A": "9F6A04",
					"cardDataInputCap_DF8117": "E0",
					"chipCVMCapNoCVM_DF8119": "08",
					"chipCVMCap_DF8118": "68",
					"enableCLFloorLimit": "1",
					"enableCVMLimit": "1",
					"enableFloorLimit": "1",
					"enableTransLimit": "1",
					"enableTransLimitNoONdevice": "1",
					"enableTransLimitONdevice": "1",
					"kernelConfig_DF811B": "20",
					"merchantCustomData_9F7C": "",
					"securityCap_DF811F": "08",
					"transCategoryCode_9F53": "",
					"transType": "20"
				}
			]
		}
	},
	{
		"MasterCard": {
			"common": {
				"AID_9F06": "A0000000043060",
				"AppName": "",
				"MCC_9F15": "9999",
				"TACDefault": "F45084800C",
				"TACDenial": "0010000000",
				"TACOnline": "F45084800C",
				"acquierId_9F01": "",
				"countryCode_9F1A": "144",
				"defaultDDOL": "9F3704",
				"defaultTDOL": "",
				"displayOfflinePINRetryTime": "1",
				"enableFloorLimitCheck": "1",
				"enableRandomTransSel": "1",
				"enableTerminalInfo": "1",
				"enableVelocityCheck": "",
				"exTerminalCap_9F40": "",
				"floorLimit_9F1B": "000000000000",
				"isFullMatch": "0",
				"maxTargetPercent": "99",
				"merchantId_9F16": "",
				"merchantName": "",
				"referCurrencyCode_9F3C": "",
				"referCurrencyExp_9F3D": "",
				"riskManagementData_9F1D": "4C00800000000000",
				"targetPercent": "",
				"terminalCap_9F33": "E0F8C8",
				"terminalId_9F1C": "",
				"terminalType_9F35": "22",
				"threshold": "",
				"transCurrencyCode_5F2A": "144",
				"transCurrencyExp": "",
				"vendorName": "MasterCard",
				"version_9F09": "0002"
			},
			"paypass": [
				{
					"CLCVMLimit": "1000",
					"CLFloorLimit": "0",
					"CLTransLimitCDCVM_DF8125": "5000",
					"CLTransLimitNoCDCVM_DF8124": "5000",
					"CLTACDenial_DF8121": "0000800000",
					"CLTACOnline_DF8122": "F45004800C",
					"ClTACDefault_DF8120": "F45004800C",
					"MSDAppVersion_9F6D": "0001",
					"MSDCVMCapNoCVM_DF812C": "08",
					"MSDCVMCap_DF811E": "68",
					"UDOL_DF811A": "9F6A04",
					"cardDataInputCap_DF8117": "E0",
					"chipCVMCapNoCVM_DF8119": "08",
					"chipCVMCap_DF8118": "40",
					"enableCLFloorLimit": "1",
					"enableCVMLimit": "1",
					"enableFloorLimit": "1",
					"enableTransLimit": "1",
					"enableTransLimitNoONdevice": "1",
					"enableTransLimitONdevice": "1",
					"kernelConfig_DF811B": "20",
					"merchantCustomData_9F7C": "",
					"securityCap_DF811F": "08",
					"transCategoryCode_9F53": "",
					"transType": "00"
				}
			]
		}
	},
	{
		"MasterCard": {
			"common": {
				"AID_9F06": "A0000002281010",
				"AppName": "",
				"MCC_9F15": "9999",
				"TACDefault": "BC40BC8000",
				"TACDenial": "0010000000",
				"TACOnline": "BC40BC8000",
				"acquierId_9F01": "",
				"countryCode_9F1A": "0682",
				"defaultDDOL": "9F3704",
				"defaultTDOL": "",
				"displayOfflinePINRetryTime": "1",
				"enableFloorLimitCheck": "1",
				"enableRandomTransSel": "1",
				"enableTerminalInfo": "1",
				"enableVelocityCheck": "",
				"exTerminalCap_9F40": "",
				"floorLimit_9F1B": "000000000000",
				"isFullMatch": "0",
				"maxTargetPercent": "99",
				"merchantId_9F16": "",
				"merchantName": "",
				"referCurrencyCode_9F3C": "",
				"referCurrencyExp_9F3D": "",
				"riskManagementData_9F1D": "647A800000000000",
				"targetPercent": "",
				"terminalCap_9F33": "E0F0C8",
				"terminalId_9F1C": "",
				"terminalType_9F35": "22",
				"threshold": "",
				"transCurrencyCode_5F2A": "0682",
				"transCurrencyExp": "02",
				"vendorName": "MasterCard",
				"version_9F09": "0002"
			},
			"paypass": [
				{
					"CLCVMLimit": "000000010000",
					"CLFloorLimit": "000000000000",
					"CLTACDenial_DF8121": "0010000000",
					"CLTACOnline_DF8122": "BC40BC8000",
					"CLTransLimitCDCVM_DF8125": "999999999999",
					"CLTransLimitNoCDCVM_DF8124": "000000010000",
					"ClTACDefault_DF8120": "BC40BC8000",
					"MSDAppVersion_9F6D": "0001",
					"MSDCVMCapNoCVM_DF812C": "08",
					"MSDCVMCap_DF811E": "40",
					"UDOL_DF811A": "9F6A04",
					"cardDataInputCap_DF8117": "E0",
					"chipCVMCapNoCVM_DF8119": "08",
					"chipCVMCap_DF8118": "60",
					"enableCLFloorLimit": "1",
					"enableCVMLimit": "1",
					"enableFloorLimit": "1",
					"enableTransLimit": "1",
					"enableTransLimitNoONdevice": "1",
					"enableTransLimitONdevice": "1",
					"kernelConfig_DF811B": "A0",
					"merchantCustomData_9F7C": "9999",
					"securityCap_DF811F": "08",
					"transCategoryCode_9F53": "",
					"transType": "00"
				}
			]
		}
	},
	{
		"MasterCard": {
			"common": {
				"AID_9F06": "A0000000042203",
				"AppName": "",
				"MCC_9F15": "9999",
				"TACDefault": "FE50BCA000",
				"TACDenial": "0000000000",
				"TACOnline": "FE50BCF800",
				"acquierId_9F01": "",
				"countryCode_9F1A": "840",
				"defaultDDOL": "9F3704",
				"defaultTDOL": "",
				"displayOfflinePINRetryTime": "1",
				"enableFloorLimitCheck": "1",
				"enableRandomTransSel": "1",
				"enableTerminalInfo": "1",
				"enableVelocityCheck": "",
				"exTerminalCap_9F40": "",
				"floorLimit_9F1B": "000000000000",
				"isFullMatch": "0",
				"maxTargetPercent": "99",
				"merchantId_9F16": "",
				"merchantName": "",
				"referCurrencyCode_9F3C": "",
				"referCurrencyExp_9F3D": "",
				"riskManagementData_9F1D": "4800800000000000",
				"targetPercent": "",
				"terminalCap_9F33": "E0F8C8",
				"terminalId_9F1C": "",
				"terminalType_9F35": "22",
				"threshold": "",
				"transCurrencyCode_5F2A": "840",
				"transCurrencyExp": "",
				"vendorName": "MasterCard",
				"version_9F09": "0002"
			},
			"paypass": [
				{
					"CLTransLimitCDCVM_DF8125": "5000",
					"CLTransLimitNoCDCVM_DF8124": "5000",
					"CLCVMLimit": "1000",
					"CLFloorLimit": "0",
					"CLTACDenial_DF8121": "0000000000",
					"CLTACOnline_DF8122": "F45084800C",
					"ClTACDefault_DF8120": "F45084800C",
					"MSDAppVersion_9F6D": "0001",
					"MSDCVMCapNoCVM_DF812C": "08",
					"MSDCVMCap_DF811E": "68",
					"UDOL_DF811A": "9F6A04",
					"cardDataInputCap_DF8117": "E0",
					"chipCVMCapNoCVM_DF8119": "08",
					"chipCVMCap_DF8118": "40",
					"enableCLFloorLimit": "1",
					"enableCVMLimit": "1",
					"enableFloorLimit": "1",
					"enableTransLimit": "1",
					"enableTransLimitNoONdevice": "1",
					"enableTransLimitONdevice": "1",
					"kernelConfig_DF811B": "30",
					"merchantCustomData_9F7C": "",
					"securityCap_DF811F": "08",
					"transCategoryCode_9F53": "",
					"transType": "00"
				}
			]
		}
	},
	{
		"Visa": {
			"common": {
				"AID_9F06": "A0000000031010",
				"AppName": "",
				"MCC_9F15": "4112",
				"TACDefault": "584000A800",
				"TACDenial": "0010000000",
				"TACOnline": "584000A800",
				"acquierId_9F01": "",
				"countryCode_9F1A": "144",
				"defaultDDOL": "",
				"defaultTDOL": "",
				"displayOfflinePINRetryTime": "1",
				"enableFloorLimitCheck": "1",
				"enableRandomTransSel": "1",
				"enableTerminalInfo": "1",
				"enableVelocityCheck": "",
				"exTerminalCap_9F40": "F000F0A001",
				"floorLimit_9F1B": "0",
				"isFullMatch": "0",
				"maxTargetPercent": "99",
				"merchantId_9F16": "",
				"merchantName": "",
				"referCurrencyCode_9F3C": "",
				"referCurrencyExp_9F3D": "",
				"riskManagementData_9F1D": "647A800000000000",
				"targetPercent": "",
				"terminalCap_9F33": "E0B0C8",
				"terminalId_9F1C": "",
				"terminalType_9F35": "22",
				"threshold": "",
				"transCurrencyCode_5F2A": "144",
				"transCurrencyExp": "",
				"vendorName": "Visa",
				"version_9F09": "0002"
			},
			"paywave": {
				"CLCVMLimit": "000000001000",
				"CLFloorLimit": "000000000000",
				"CLTransLimit": "000000005000",
				"TTQ_9F66": "7720C000",
				"amountZeroOption": "1",
				"enableAmountZeroOption": "1",
				"enableCVMLimit": "1",
				"enableFloorLimit": "1",
				"enableStatusCheck": "1",
				"enableTransLimit": "1"
			}
		}
	},
	{
		"Visa": {
			"common": {
				"AID_9F06": "A0000000032010",
				"AppName": "",
				"MCC_9F15": "4112",
				"TACDefault": "584000A800",
				"TACDenial": "0010000000",
				"TACOnline": "584000A800",
				"acquierId_9F01": "",
				"countryCode_9F1A": "144",
				"defaultDDOL": "",
				"defaultTDOL": "",
				"displayOfflinePINRetryTime": "1",
				"enableFloorLimitCheck": "1",
				"enableRandomTransSel": "1",
				"enableTerminalInfo": "1",
				"enableVelocityCheck": "",
				"exTerminalCap_9F40": "F000F0A001",
				"floorLimit_9F1B": "0",
				"isFullMatch": "0",
				"maxTargetPercent": "99",
				"merchantId_9F16": "",
				"merchantName": "",
				"referCurrencyCode_9F3C": "",
				"referCurrencyExp_9F3D": "",
				"riskManagementData_9F1D": "647A800000000000",
				"targetPercent": "",
				"terminalCap_9F33": "E0B0C8",
				"terminalId_9F1C": "",
				"terminalType_9F35": "22",
				"threshold": "",
				"transCurrencyCode_5F2A": "144",
				"transCurrencyExp": "",
				"vendorName": "Visa",
				"version_9F09": "0002"
			},
			"paywave": {
				"CLCVMLimit": "000000001000",
				"CLFloorLimit": "000000000000",
				"CLTransLimit": "000000005000",
				"TTQ_9F66": "7720C000",
				"amountZeroOption": "1",
				"enableAmountZeroOption": "1",
				"enableCVMLimit": "1",
				"enableFloorLimit": "1",
				"enableStatusCheck": "1",
				"enableTransLimit": "1"
			}
		}
	},
	{
		"Visa": {
			"common": {
				"AID_9F06": "A0000000032020",
				"AppName": "",
				"MCC_9F15": "4112",
				"TACDefault": "584000A800",
				"TACDenial": "0010000000",
				"TACOnline": "584000A800",
				"acquierId_9F01": "",
				"countryCode_9F1A": "144",
				"defaultDDOL": "",
				"defaultTDOL": "",
				"displayOfflinePINRetryTime": "1",
				"enableFloorLimitCheck": "1",
				"enableRandomTransSel": "1",
				"enableTerminalInfo": "1",
				"enableVelocityCheck": "",
				"exTerminalCap_9F40": "F000F0A001",
				"floorLimit_9F1B": "0",
				"isFullMatch": "0",
				"maxTargetPercent": "99",
				"merchantId_9F16": "",
				"merchantName": "",
				"referCurrencyCode_9F3C": "",
				"referCurrencyExp_9F3D": "",
				"riskManagementData_9F1D": "647A800000000000",
				"targetPercent": "",
				"terminalCap_9F33": "E0B0C8",
				"terminalId_9F1C": "",
				"terminalType_9F35": "22",
				"threshold": "",
				"transCurrencyCode_5F2A": "144",
				"transCurrencyExp": "",
				"vendorName": "Visa",
				"version_9F09": "0002"
			},
			"paywave": {
				"CLCVMLimit": "000000001000",
				"CLFloorLimit": "000000000000",
				"CLTransLimit": "000000005000",
				"TTQ_9F66": "7720C000",
				"amountZeroOption": "1",
				"enableAmountZeroOption": "1",
				"enableCVMLimit": "1",
				"enableFloorLimit": "1",
				"enableStatusCheck": "1",
				"enableTransLimit": "1"
			}
		}
	},
	{
		"Visa": {
			"common": {
				"AID_9F06": "A0000000033010",
				"AppName": "",
				"MCC_9F15": "4112",
				"TACDefault": "584000A800",
				"TACDenial": "0010000000",
				"TACOnline": "584000A800",
				"acquierId_9F01": "",
				"countryCode_9F1A": "144",
				"defaultDDOL": "",
				"defaultTDOL": "",
				"displayOfflinePINRetryTime": "1",
				"enableFloorLimitCheck": "1",
				"enableRandomTransSel": "1",
				"enableTerminalInfo": "1",
				"enableVelocityCheck": "",
				"exTerminalCap_9F40": "F000F0A001",
				"floorLimit_9F1B": "0",
				"isFullMatch": "0",
				"maxTargetPercent": "99",
				"merchantId_9F16": "",
				"merchantName": "",
				"referCurrencyCode_9F3C": "",
				"referCurrencyExp_9F3D": "",
				"riskManagementData_9F1D": "647A800000000000",
				"targetPercent": "",
				"terminalCap_9F33": "E0B0C8",
				"terminalId_9F1C": "",
				"terminalType_9F35": "22",
				"threshold": "",
				"transCurrencyCode_5F2A": "144",
				"transCurrencyExp": "",
				"vendorName": "Visa",
				"version_9F09": "0002"
			},
			"paywave": {
				"CLCVMLimit": "000000001000",
				"CLFloorLimit": "000000000000",
				"CLTransLimit": "000000005000",
				"TTQ_9F66": "7720C000",
				"amountZeroOption": "1",
				"enableAmountZeroOption": "1",
				"enableCVMLimit": "1",
				"enableFloorLimit": "1",
				"enableStatusCheck": "1",
				"enableTransLimit": "1"
			}
		}
	},
	{
		"Visa": {
			"common": {
				"AID_9F06": "A0000000034010",
				"AppName": "",
				"MCC_9F15": "4112",
				"TACDefault": "584000A800",
				"TACDenial": "0010000000",
				"TACOnline": "584000A800",
				"acquierId_9F01": "",
				"countryCode_9F1A": "144",
				"defaultDDOL": "",
				"defaultTDOL": "",
				"displayOfflinePINRetryTime": "1",
				"enableFloorLimitCheck": "1",
				"enableRandomTransSel": "1",
				"enableTerminalInfo": "1",
				"enableVelocityCheck": "",
				"exTerminalCap_9F40": "F000F0A001",
				"floorLimit_9F1B": "0",
				"isFullMatch": "0",
				"maxTargetPercent": "99",
				"merchantId_9F16": "",
				"merchantName": "",
				"referCurrencyCode_9F3C": "",
				"referCurrencyExp_9F3D": "",
				"riskManagementData_9F1D": "647A800000000000",
				"targetPercent": "",
				"terminalCap_9F33": "E0B0C8",
				"terminalId_9F1C": "",
				"terminalType_9F35": "22",
				"threshold": "",
				"transCurrencyCode_5F2A": "144",
				"transCurrencyExp": "",
				"vendorName": "Visa",
				"version_9F09": "0002"
			},
			"paywave": {
				"CLCVMLimit": "000000001000",
				"CLFloorLimit": "000000000000",
				"CLTransLimit": "000000005000",
				"TTQ_9F66": "7720C000",
				"amountZeroOption": "1",
				"enableAmountZeroOption": "1",
				"enableCVMLimit": "1",
				"enableFloorLimit": "1",
				"enableStatusCheck": "1",
				"enableTransLimit": "1"
			}
		}
	},
	{
		"Visa": {
			"common": {
				"AID_9F06": "A0000000035010",
				"AppName": "",
				"MCC_9F15": "4112",
				"TACDefault": "584000A800",
				"TACDenial": "0010000000",
				"TACOnline": "584000A800",
				"acquierId_9F01": "",
				"countryCode_9F1A": "144",
				"defaultDDOL": "",
				"defaultTDOL": "",
				"displayOfflinePINRetryTime": "1",
				"enableFloorLimitCheck": "1",
				"enableRandomTransSel": "1",
				"enableTerminalInfo": "1",
				"enableVelocityCheck": "",
				"exTerminalCap_9F40": "F000F0A001",
				"floorLimit_9F1B": "0",
				"isFullMatch": "0",
				"maxTargetPercent": "99",
				"merchantId_9F16": "",
				"merchantName": "",
				"referCurrencyCode_9F3C": "",
				"referCurrencyExp_9F3D": "",
				"riskManagementData_9F1D": "647A800000000000",
				"targetPercent": "",
				"terminalCap_9F33": "E0B0C8",
				"terminalId_9F1C": "",
				"terminalType_9F35": "22",
				"threshold": "",
				"transCurrencyCode_5F2A": "144",
				"transCurrencyExp": "",
				"vendorName": "Visa",
				"version_9F09": "0002"
			},
			"paywave": {
				"CLCVMLimit": "000000001000",
				"CLFloorLimit": "000000000000",
				"CLTransLimit": "000000005000",
				"TTQ_9F66": "7720C000",
				"amountZeroOption": "1",
				"enableAmountZeroOption": "1",
				"enableCVMLimit": "1",
				"enableFloorLimit": "1",
				"enableStatusCheck": "1",
				"enableTransLimit": "1"
			}
		}
	},
	{
		"Visa": {
			"common": {
				"AID_9F06": "A0000002282010",
				"AppName": "",
				"MCC_9F15": "4112",
				"TACDefault": "BC40BC8000",
				"TACDenial": "0010000000",
				"TACOnline": "BC40BC8000",
				"acquierId_9F01": "",
				"countryCode_9F1A": "0682",
				"defaultDDOL": "9F3704",
				"defaultTDOL": "",
				"displayOfflinePINRetryTime": "1",
				"enableFloorLimitCheck": "1",
				"enableRandomTransSel": "1",
				"enableTerminalInfo": "1",
				"enableVelocityCheck": "",
				"exTerminalCap_9F40": "7000F0A001",
				"floorLimit_9F1B": "000000000000",
				"isFullMatch": "0",
				"maxTargetPercent": "99",
				"merchantId_9F16": "",
				"merchantName": "",
				"referCurrencyCode_9F3C": "",
				"referCurrencyExp_9F3D": "",
				"riskManagementData_9F1D": "647A800000000000",
				"targetPercent": "",
				"terminalCap_9F33": "E0F0C8",
				"terminalId_9F1C": "",
				"terminalType_9F35": "22",
				"threshold": "",
				"transCurrencyCode_5F2A": "0682",
				"transCurrencyExp": "02",
				"version_9F09": "0001"
			},
			"paywave": {
				"CLCVMLimit": "000000001000",
				"CLFloorLimit": "000000000000",
				"CLTransLimit": "000000005000",
				"TTQ_9F66": "7720C000",
				"amountZeroOption": "1",
				"enableAmountZeroOption": "1",
				"enableCVMLimit": "1",
				"enableFloorLimit": "1",
				"enableStatusCheck": "1",
				"enableTransLimit": "1"
			}
		}
	},
	{
		"Visa": {
			"common": {
				"AID_9F06": "A0000000980840",
				"AppName": "",
				"MCC_9F15": "",
				"TACDefault": "DC4000A800",
				"TACDenial": "0010000000",
				"TACOnline": "DC4004F800",
				"acquierId_9F01": "",
				"countryCode_9F1A": "840",
				"defaultDDOL": "",
				"defaultTDOL": "",
				"displayOfflinePINRetryTime": "1",
				"enableFloorLimitCheck": "1",
				"enableRandomTransSel": "1",
				"enableTerminalInfo": "1",
				"enableVelocityCheck": "",
				"exTerminalCap_9F40": "F000F0A001",
				"floorLimit_9F1B": "0",
				"isFullMatch": "0",
				"maxTargetPercent": "99",
				"merchantId_9F16": "",
				"merchantName": "",
				"referCurrencyCode_9F3C": "",
				"referCurrencyExp_9F3D": "",
				"riskManagementData_9F1D": "647A800000000000",
				"targetPercent": "",
				"terminalCap_9F33": "E0F8C8",
				"terminalId_9F1C": "",
				"terminalType_9F35": "22",
				"threshold": "",
				"transCurrencyCode_5F2A": "840",
				"transCurrencyExp": "",
				"vendorName": "Visa",
				"version_9F09": "0002"
			},
			"paywave": {
				"CLCVMLimit": "000000001000",
				"CLFloorLimit": "000000000000",
				"CLTransLimit": "000000005000",
				"TTQ_9F66": "7720C000",
				"amountZeroOption": "1",
				"enableAmountZeroOption": "1",
				"enableCVMLimit": "1",
				"enableFloorLimit": "1",
				"enableStatusCheck": "1",
				"enableTransLimit": "1"
			}
		}
	},
	{
		"PBOC": {
			"common": {
				"AID_9F06": "A000000333",
				"AppName": "",
				"MCC_9F15": "4112",
				"TACDefault": "DC4000A800",
				"TACOnline": "DC4004F800",
				"TACDenial": "0010000000",
				"acquierId_9F01": "",
				"countryCode_9F1A": "144",
				"defaultDDOL": "9F3704",
				"defaultTDOL": "",
				"displayOfflinePINRetryTime": "1",
				"enableFloorLimitCheck": "1",
				"enableRandomTransSel": "0",
				"enableTerminalInfo": "1",
				"enableVelocityCheck": "0",
				"exTerminalCap_9F40": "F000F0A001",
				"floorLimit_9F1B": "0",
				"isFullMatch": "0",
				"maxTargetPercent": "99",
				"merchantId_9F16": "",
				"merchantName": "",
				"referCurrencyCode_9F3C": "",
				"referCurrencyExp_9F3D": "",
				"riskManagementData_9F1D": "647A800000000000",
				"targetPercent": "99",
				"terminalCap_9F33": "E0F0C8",
				"terminalId_9F1C": "",
				"terminalType_9F35": "22",
				"threshold": "5000",
				"transCurrencyCode_5F2A": "144",
				"transCurrencyExp": "",
				"vendorName": "PBOC",
				"version_9F09": "0002"
			},
			"qpboc": {
				"CLCVMLimit": "000000030000",
				"CLFloorLimit": "000000000000",
				"CLTransLimit": "999999999999",
				"TTQ_9F66": "26000000",
				"amountZeroOption": "1",
				"enableAmountZeroOption": "1",
				"enableCVMLimit": "1",
				"enableFloorLimit": "1",
				"enableStatusCheck": "1",
				"enableTransLimit": "1"
			}
		}
	},
	{
		"AMEX": {
			"common": {
				"AID_9F06": "A00000002501",
				"AppName": "",
				"MCC_9F15": "4112",
				"TACDefault": "DC50FC9800",
				"TACDenial": "0010000000",
				"TACOnline": "DE00FC9800",
				"acquierId_9F01": "",
				"countryCode_9F1A": "144",
				"defaultDDOL": "9F3704",
				"defaultTDOL": "",
				"enableFloorLimitCheck": "1",
				"enableRandomTransSel": "0",
				"enableTerminalInfo": "1",
				"enableVelocityCheck": "0",
				"exTerminalCap_9F40": "7000F0A001",
				"floorLimit_9F1B": "0",
				"isFullMatch": "0",
				"maxTargetPercent": "99",
				"merchantId_9F16": "",
				"merchantName": "",
				"referCurrencyCode_9F3C": "",
				"referCurrencyExp_9F3D": "",
				"riskManagementData_9F1D": "647A800000000000",
				"targetPercent": "99",
				"terminalCap_9F33": "E078C8",
				"terminalId_9F1C": "",
				"terminalType_9F35": "21",
				"threshold": "5000",
				"transCurrencyCode_5F2A": "144",
				"transCurrencyExp": "",
				"version_9F09": "0002"
			},
			"contactLess": {
				"CLCVMLimit": "1000",
				"CLFloorLimit": "1200",
				"CLTransLimit": "1500",
				"IACDefault_9F0D": "0000000000",
				"IACDenial_9F0E": "0000000000",
				"IACOnline_9F0F": "0000000000",
				"TACDefault_DF8120": "DC50FC9800",
				"TACDenial_DF8121": "0010000000",
				"TACOnline_DF8122": "DE00FC9800",
				"MercNameORLocation_9F4E": "Railway Operator",
				"TTQ_9F66": "26000000",
				"transType_9C": "00"
			}
		}
	},
	{
		"MIR": {
			"common": {
				"AID_9F06": "A0000006582010",
				"AppName": "",
				"MCC_9F15": "",
				"TACDefault": "0000000000",
				"TACDenial": "0000000000",
				"TACOnline": "0000048000",
				"acquierId_9F01": "",
				"countryCode_9F1A": "0643",
				"defaultDDOL": "9F3704",
				"defaultTDOL": "",
				"displayOfflinePINRetryTime": "1",
				"enableFloorLimitCheck": "1",
				"enableRandomTransSel": "0",
				"enableTerminalInfo": "1",
				"enableVelocityCheck": "0",
				"exTerminalCap_9F40": "F000F0A001",
				"floorLimit_9F1B": "000000000100",
				"isFullMatch": "0",
				"maxTargetPercent": "99",
				"merchantId_9F16": "",
				"merchantName": "",
				"referCurrencyCode_9F3C": "",
				"referCurrencyExp_9F3D": "",
				"riskManagementData_9F1D": "",
				"targetPercent": "99",
				"terminalCap_9F33": "E0F0C8",
				"terminalId_9F1C": "",
				"terminalType_9F35": "23",
				"threshold": "",
				"transCurrencyCode_5F2A": "0643",
				"transCurrencyExp": "",
				"vendorName": "",
				"version_9F09": "0101"
			},
			"contactLess": [
				{
					"CLFloorLimit_DF51": "000000500000",
					"CLNOCVMLimit_DF52": "000000100000",
					"CLTransLimitCDCVM_DF54": "000009999900",
					"CLTransLimitNoCDCVM_DF53": "000009999900",
					"TerminalTPMCap_DF55": "E800",
					"TransRecoveryLimit_DF56": "03",
					"dataExchangeList": "5a",
					"transType_9C": "00"
				},
				{
					"CLFloorLimit_DF51": "000000500000",
					"CLNOCVMLimit_DF52": "000000100000",
					"CLTransLimitCDCVM_DF54": "000009999900",
					"CLTransLimitNoCDCVM_DF53": "000009999900",
					"TerminalTPMCap_DF55": "E800",
					"TransRecoveryLimit_DF56": "03",
					"dataExchangeList": "5a",
					"transType_9C": "20"
				}
			]
		}
	},
	{
		"MIR": {
			"common": {
				"AID_9F06": "A0000006581010",
				"AppName": "",
				"MCC_9F15": "",
				"TACDefault": "0000000000",
				"TACDenial": "0000000000",
				"TACOnline": "0000048000",
				"acquierId_9F01": "",
				"countryCode_9F1A": "0643",
				"defaultDDOL": "9F3704",
				"defaultTDOL": "",
				"displayOfflinePINRetryTime": "1",
				"enableFloorLimitCheck": "1",
				"enableRandomTransSel": "0",
				"enableTerminalInfo": "1",
				"enableVelocityCheck": "0",
				"exTerminalCap_9F40": "F000F0A001",
				"floorLimit_9F1B": "000000000100",
				"isFullMatch": "0",
				"maxTargetPercent": "99",
				"merchantId_9F16": "",
				"merchantName": "",
				"referCurrencyCode_9F3C": "",
				"referCurrencyExp_9F3D": "",
				"riskManagementData_9F1D": "",
				"targetPercent": "99",
				"terminalCap_9F33": "E0F0C8",
				"terminalId_9F1C": "",
				"terminalType_9F35": "23",
				"threshold": "",
				"transCurrencyCode_5F2A": "0643",
				"transCurrencyExp": "",
				"vendorName": "",
				"version_9F09": "0101"
			},
			"contactLess": [
				{
					"CLFloorLimit_DF51": "000000500000",
					"CLNOCVMLimit_DF52": "000000100000",
					"CLTransLimitCDCVM_DF54": "000009999900",
					"CLTransLimitNoCDCVM_DF53": "000009999900",
					"TerminalTPMCap_DF55": "E800",
					"TransRecoveryLimit_DF56": "03",
					"dataExchangeList": "5a",
					"transType_9C": "00"
				},
				{
					"CLFloorLimit_DF51": "000000500000",
					"CLNOCVMLimit_DF52": "000000100000",
					"CLTransLimitCDCVM_DF54": "000009999900",
					"CLTransLimitNoCDCVM_DF53": "000009999900",
					"TerminalTPMCap_DF55": "E800",
					"TransRecoveryLimit_DF56": "03",
					"dataExchangeList": "5a",
					"transType_9C": "20"
				}
			]
		}
	},
	{
		"MIR": {
			"common": {
				"AID_9F06": "A0000006581099",
				"AppName": "",
				"MCC_9F15": "",
				"TACDefault": "0000000000",
				"TACDenial": "0000000000",
				"TACOnline": "0000048000",
				"acquierId_9F01": "",
				"countryCode_9F1A": "0643",
				"defaultDDOL": "9F3704",
				"defaultTDOL": "",
				"displayOfflinePINRetryTime": "1",
				"enableFloorLimitCheck": "1",
				"enableRandomTransSel": "0",
				"enableTerminalInfo": "1",
				"enableVelocityCheck": "0",
				"exTerminalCap_9F40": "F000F0A001",
				"floorLimit_9F1B": "000000000100",
				"isFullMatch": "0",
				"maxTargetPercent": "99",
				"merchantId_9F16": "",
				"merchantName": "",
				"referCurrencyCode_9F3C": "",
				"referCurrencyExp_9F3D": "",
				"riskManagementData_9F1D": "",
				"targetPercent": "99",
				"terminalCap_9F33": "E0F0C8",
				"terminalId_9F1C": "",
				"terminalType_9F35": "23",
				"threshold": "",
				"transCurrencyCode_5F2A": "0643",
				"transCurrencyExp": "",
				"vendorName": "",
				"version_9F09": "0101"
			},
			"contactLess": [
				{
					"CLFloorLimit_DF51": "000000500000",
					"CLNOCVMLimit_DF52": "000000100000",
					"CLTransLimitCDCVM_DF54": "000009999900",
					"CLTransLimitNoCDCVM_DF53": "000009999900",
					"TerminalTPMCap_DF55": "E800",
					"TransRecoveryLimit_DF56": "03",
					"dataExchangeList": "5a",
					"transType_9C": "00"
				}
			]
		}
	},
	{
		"PURE": {
			"common": {
				"AID_9F06": "A0000002281010",
				"AppName": "",
				"MCC_9F15": "9999",
				"TACDefault": "BC40BC8000",
				"TACDenial": "0000000000",
				"TACOnline": "BC40BC8000",
				"acquierId_9F01": "",
				"countryCode_9F1A": "0682",
				"defaultDDOL": "9F3704",
				"defaultTDOL": "",
				"enableFloorLimitCheck": "1",
				"enableRandomTransSel": "0",
				"enableTerminalInfo": "1",
				"enableVelocityCheck": "0",
				"exTerminalCap_9F40": "7000F0A001",
				"floorLimit_9F1B": "000000000000",
				"isFullMatch": "0",
				"maxTargetPercent": "99",
				"merchantId_9F16": "",
				"merchantName": "",
				"referCurrencyCode_9F3C": "",
				"referCurrencyExp_9F3D": "",
				"targetPercent": "99",
				"terminalCap_9F33": "E0F0C8",
				"terminalId_9F1C": "",
				"terminalType_9F35": "22",
				"threshold": "5000",
				"transCurrencyCode_5F2A": "0682",
				"transCurrencyExp": "02",
				"version_9F09": "0001"
			},
			"contactLess": [
				{
					"CLCVMLimit": "000000010000",
					"CLFloorLimit": "000000000000",
					"CLTransLimit": "000099999999",
					"TTQ_9F66": "35E04000",
					"mATOL": "9F25029F19069F6E15",
					"mCTLSAppCapa": "3400400399",
					"mMTOL": "8C57",
					"statusCheckSupportFlg": "1",
					"transType_9C": "00",
					"zeroAmountAllowedFlg": "1"
				},
				{
					"CLCVMLimit": "000000010000",
					"CLFloorLimit": "000000000000",
					"CLTransLimit": "000099999999",
					"TTQ_9F66": "35E04000",
					"mATOL": "9F25029F19069F6E15",
					"mCTLSAppCapa": "3400400399",
					"mMTOL": "8C57",
					"statusCheckSupportFlg": "1",
					"transType_9C": "20",
					"zeroAmountAllowedFlg": "1"
				}
			]
		}
	},
	{
		"Discover": {
			"common": {
				"AID_9F06": "A0000001523010",
				"AppName": "",
				"MCC_9F15": "",
				"TACDefault": "0000000000",
				"TACDenial": "0000000000",
				"TACOnline": "0000000000",
				"acquierId_9F01": "",
				"countryCode_9F1A": "",
				"checkingOfflinePINRetryTime": "1",
				"defaultDDOL": "",
				"defaultTDOL": "",
				"enableFloorLimitCheck": "1",
				"enableRandomTransSel": "0",
				"enableTerminalInfo": "1",
				"enableVelocityCheck": "0",
				"exTerminalCap_9F40": "",
				"floorLimit_9F1B": "0",
				"isFullMatch": "0",
				"maxTargetPercent": "",
				"merchantId_9F16": "",
				"merchantName": "",
				"referCurrencyCode_9F3C": "",
				"referCurrencyExp_9F3D": "",
				"riskManagementData_9F1D": "",
				"targetPercent": "99",
				"terminalCap_9F33": "",
				"terminalId_9F1C": "",
				"terminalType_9F35": "",
				"threshold": "",
				"transCurrencyCode_5F2A": "",
				"transCurrencyExp": "",
				"version_9F09": ""
			},
			"contactLess": [
				{
					"transType_9C": "00"
				},
				{
					"transType_9C": "01"
				},
				{
					"transType_9C": "09"
				}
			]
		}
	},
	{
		"Discover": {
			"common": {
				"AID_9F06": "A0000003241010",
				"AppName": "",
				"MCC_9F15": "",
				"TACDefault": "0000000000",
				"TACDenial": "0000000000",
				"TACOnline": "0000000000",
				"acquierId_9F01": "",
				"countryCode_9F1A": "",
				"checkingOfflinePINRetryTime": "1",
				"defaultDDOL": "",
				"defaultTDOL": "",
				"enableFloorLimitCheck": "1",
				"enableRandomTransSel": "0",
				"enableTerminalInfo": "1",
				"enableVelocityCheck": "0",
				"exTerminalCap_9F40": "",
				"floorLimit_9F1B": "0",
				"isFullMatch": "0",
				"maxTargetPercent": "",
				"merchantId_9F16": "",
				"merchantName": "",
				"referCurrencyCode_9F3C": "",
				"referCurrencyExp_9F3D": "",
				"riskManagementData_9F1D": "",
				"targetPercent": "99",
				"terminalCap_9F33": "",
				"terminalId_9F1C": "",
				"terminalType_9F35": "",
				"threshold": "",
				"transCurrencyCode_5F2A": "",
				"transCurrencyExp": "",
				"version_9F09": ""
			},
			"contactLess": [
				{
					"transType_9C": "00"
				},
				{
					"transType_9C": "01"
				},
				{
					"transType_9C": "09"
				}
			]
		}
	},
	{
		"JCB": {
			"common": {
				"AID_9F06": "A0000000651010",
				"AppName": "",
				"MCC_9F15": "7032",
				"TACDefault": "9040008000",
				"TACDenial": "0410000000",
				"TACOnline": "9060009000",
				"acquierId_9F01": "000000000010",
				"countryCode_9F1A": "0392",
				"defaultDDOL": "9F3704",
				"defaultTDOL": "",
				"displayOfflinePINRetryTime": "1",
				"enableFloorLimitCheck": "1",
				"enableRandomTransSel": "0",
				"enableTerminalInfo": "1",
				"enableVelocityCheck": "0",
				"exTerminalCap_9F40": "",
				"floorLimit_9F1B": "000000004500",
				"isFullMatch": "0",
				"maxTargetPercent": "00",
				"merchantId_9F16": "",
				"merchantName": "5858204D45524348414E54205959204C4F434154494F4E",
				"referCurrencyCode_9F3C": "",
				"referCurrencyExp_9F3D": "",
				"riskManagementData_9F1D": "",
				"targetPercent": "00",
				"terminalCap_9F33": "E0F0C8",
				"terminalId_9F1C": "",
				"terminalType_9F35": "23",
				"threshold": "000000002000",
				"transCurrencyCode_5F2A": "0392",
				"transCurrencyExp": "",
				"vendorName": "",
				"version_9F09": "0200"
			},
			"contactLess": [
				{
					"CLCVMLimit": "000000010000",
					"CLFloorLimit": "000000004500",
					"CLTransLimit": "000000020000",
					"CombinationOptions": "7B00",
					"TerminalInterchangeProfile_static": "708000",
					"RemovalTimeout": "1000",
					"transType_9C": "00",
					"CLCountryCode_9F1A": "0392",
					"CLTerminalType_9F35": "22",
					"CLTerminalCap_9F33": "E0F0C8",
					"CLExTerminalCap_9F40": "F000F0A001"
				}
			]
		}
	},
	{
		"OtherBrand": {
			"BrandName": "NSICCS",
			"common": {
				"AID_9F06": "A0000006021010",
				"AppName": "",
				"MCC_9F15": "7399",
				"TACDefault": "FFFFFFFFFF",
				"TACDenial": "0010000000",
				"TACOnline": "FFFFFFFFFF",
				"acquierId_9F01": "RAJB",
				"countryCode_9F1A": "360",
				"defaultDDOL": "9F37",
				"defaultTDOL": "",
				"enableFloorLimitCheck": "1",
				"enableRandomTransSel": "0",
				"enableTerminalInfo": "1",
				"enableVelocityCheck": "0",
				"exTerminalCap_9F40": "F00080F000",
				"floorLimit_9F1B": "0",
				"isFullMatch": "0",
				"maxTargetPercent": "0",
				"merchantId_9F16": "800150400566",
				"merchantName": "",
				"referCurrencyCode_9F3C": "",
				"referCurrencyExp_9F3D": "",
				"riskManagementData_9F1D": "647A800000000000",
				"targetPercent": "0",
				"terminalCap_9F33": "E078C8",
				"terminalId_9F1C": "",
				"terminalType_9F35": "22",
				"threshold": "5000",
				"transCurrencyCode_5F2A": "360",
				"transCurrencyExp": "",
				"version_9F09": "0002"
			}
		}
	}
]