[
    {
        "enableMaxLifeTimeTorn": "01",
        "maxLifeTimeTorn_DF811C": "003C",
        "enableMaxNumberTorn": "01",
        "maxNumberTorn": "01",
        "enableBalanceReadBeforeGAC": "",
        "balanceReadBeforeGAC_DF8104": "",
        "enableBalanceReadAfterGAC": "",
        "balanceReadAfterGAC_DF8105": "",
        "enableMobileSupportIndicator": "01",
        "mobileSupportIndicator_9F7E": "02",
        "enableHoldTimeValue": "",
        "holdTimeValue_DF8130": "",
        "enableInterfaceDeviceSN": "",
        "interfaceDeviceSN_9F1E": "",
        "enableKernelID": "",
        "kernelID_DF810C": "",
        "enableMessageHoldTime": "",
        "messageHoldTime_DF812D": "",
        "minimumRRGP_DF8132": "",
        "maximumRRGP_DF8133": "",
        "terminalETTFRRCAPDU_DF8134": "",
        "terminalETTFRRRAPDU_DF8135": "",
        "RRAT_DF8136": "",
        "RRTTMT_DF8137": "",
        "enableMinimumRRGP": "",
        "enableMaximumRRGP": "",
        "enableTerminalETTFRRCAPDU": "",
        "enableTerminalETTFRRRAPDU": "",
        "enableRRAT": "",
        "enableRRTTMT": ""
    }
]