[
    {
        "programID_9F5A": "0008400840",
        "programIDLen": "05",
        "DRLEnableFlag": "01",
        "enableStatusCheck": "00",
        "enableAmountZeroOption": "00",
        "amountZeroOption": "01",
        "enableTransLimit": "01",
        "enableCVMLimit": "01",
        "enableFloorLimit": "01",
        "CLTransLimit": "200000",
        "CLCVMLimit": "0",
        "CLFloorLimit": "0",
        "TTQ_byte2": "00",
        "CLNotAllowFlag": "00"
    },
    {
        "programID_9F5A": "0200000000000000000000000000000000",
        "programIDLen": "01",
        "DRLEnableFlag": "01",
        "enableStatusCheck": "00",
        "enableAmountZeroOption": "01",
        "amountZeroOption": "00",
        "enableTransLimit": "00",
        "enableCVMLimit": "01",
        "enableFloorLimit": "01",
        "CLTransLimit": "2000",
        "CLCVMLimit": "500",
        "CLFloorLimit": "1000",
        "TTQ_byte2": "00",
        "CLNotAllowFlag": "00"
    },
    {
        "programID_9F5A": "0300000000000000000000000000000000",
        "programIDLen": "01",
        "DRLEnableFlag": "01",
        "enableStatusCheck": "00",
        "enableAmountZeroOption": "01",
        "amountZeroOption": "00",
        "enableTransLimit": "01",
        "enableCVMLimit": "01",
        "enableFloorLimit": "01",
        "CLTransLimit": "10000",
        "CLCVMLimit": "1000",
        "CLFloorLimit": "1000",
        "TTQ_byte2": "00",
        "CLNotAllowFlag": "00"
    },
    {
        "programID_9F5A": "0400000000000000000000000000000000",
        "programIDLen": "01",
        "DRLEnableFlag": "01",
        "enableStatusCheck": "00",
        "enableAmountZeroOption": "01",
        "amountZeroOption": "00",
        "enableTransLimit": "01",
        "enableCVMLimit": "01",
        "enableFloorLimit": "01",
        "CLTransLimit": "10000",
        "CLCVMLimit": "1000",
        "CLFloorLimit": "5000",
        "TTQ_byte2": "00",
        "CLNotAllowFlag": "00"
    }
]